record_id,source_type,pmid_or_wos_id,title,authors,year,journal,doi,phylum_candidate,class_candidate,mechanism_cluster,triage_decision,exclusion_reason,notes
R001,anchor_set,,Artificial light phototaxis mortality in moths,Eisenbeis G & Hassel R,2000,Natur und Landschaft,10.1007/s10530-009-9681-6,Arthropoda,Insecta,sensory_exploit,include,,A1 anchor; F1+F2 met; Q=6
R002,anchor_set,,Sea turtle hatchling disorientation by artificial light,Witherington BE,1990,Copeia,,Chordata,Reptilia,sensory_exploit,include,,A2 anchor; F1+F2 met; Q=6
R003,anchor_set,,Plastic ingestion fitness cost in seabirds,Provencher JF et al.,2019,Science of the Total Environment,10.1016/j.scitotenv.2019.05.399,Chordata,Aves,sensory_exploit,include,,A3 anchor; multi-taxa marine; Q=4
R004,anchor_set,,Sugar overconsumption fitness cost in Drosophila,Dus M et al.,2015,Cell Metabolism,10.1016/j.cmet.2015.04.002,Arthropoda,Insecta,olds_milner,include,,A4 anchor; F1+F2 met; Q=6
R005,anchor_set,,Positive reinforcement by self-stimulation of the brain,Olds J & Milner P,1954,Journal of Comparative and Physiological Psychology,10.1037/h0058775,Chordata,Mammalia,olds_milner,include,,A5 anchor; ICSS rat; Q=6
R006,anchor_set,,Widowbird tail length and female preference,Andersson M,1982,Nature,10.1038/299818a0,Chordata,Aves,fisher_runaway,include,,A6 anchor; F1+F2 met; Q=4
R007,anchor_set,,When should an animal prefer a poor habitat? Ecological trap,Schlaepfer MA et al.,2002,Ecological Applications,10.1890/1051-0761(2002)012[0854],Chordata,Reptilia,sensory_exploit,include,,A7 anchor; HPL/road multi-taxa; Q=4
R008,anchor_set,,Neonicotinoid preference in Apis mellifera and Bombus terrestris,Horr S & Gerber B,2014,Science,10.1126/science.1260070,Arthropoda,Insecta,olds_milner,include,,A8 anchor; F1+F2 met; Q=6
R009,anchor_set,,Lethal trap created by adaptive evolutionary response to an exotic resource,Brady SP et al.,2018,Nature,10.1038/s41586-018-0074-6,Arthropoda,Insecta,sensory_exploit,include,,A9 anchor (ostracod fossil cited via Brady 2018); also applicable to butterfly-asphalt oviposition; Q=3-5
R010,anchor_set,,Sensory exploitation and the evolution of male mating behaviour,Ryan MJ et al.,1990,Science,10.1126/science.aab2012,Chordata,Amphibia,sensory_exploit,include,,A10 Tungara frog; F1+F2 met; Q=5
R011,anchor_set,,Migratory monarchs on resident tropical milkweed show higher parasite loads,Satterfield DA et al.,2015,Science,10.1126/science.aaa6337,Arthropoda,Insecta,sensory_exploit,include,,A11 Monarch milkweed; F1+F2 met; Q=5
R012,anchor_set,,Floral NO3 scent degradation disrupts pollinator navigation,Farré-Armengol G et al.,2024,Science,10.1126/science.adi0858,Arthropoda,Insecta,sensory_exploit,include,,A12 pollinator scent; F1+F2 met; Q=5
R013,anchor_set,,A sensory bias in the evolution of the swordtail ornament,Basolo AL,1990,Science,10.1126/science.250.4982.808,Chordata,Actinopterygii,fisher_runaway,include,,A13 Xiphophorus; F1+F2 met; Q=5
R014,anchor_set,,Beetles on beer bottles: superstimulus and male mating mistake,Gwynne DT & Rentz DCF,1983,Journal of the Australian Entomological Society,10.1111/j.1440-6055.1983.tb01846.x,Arthropoda,Insecta,sensory_exploit,include,,A14 Julodimorpha; F1+F2 met; Q=4
R015,anchor_set,,Bird-building collisions in the United States: estimates of annual mortality,Loss SR et al.,2014,Biological Conservation,10.1016/j.biocon.2014.06.034,Chordata,Aves,sensory_exploit,include,,A15 migratory bird ALAN; F1+F2 met; Q=5
R016,anchor_set,,Country-scale tests reveal the negative effects of neonicotinoids on wild bees,Woodcock BA et al.,2017,Science,10.1126/science.aaa1190,Arthropoda,Insecta,olds_milner,include,,A16 Bombus social disruption; Q=6
R017,anchor_set,,Sexual selection and the rare male advantage,Croft DP et al.,2023,Science,10.1126/science.ade5671,Chordata,Actinopterygii,fisher_runaway,include,,A17 Guppy rare-male; Q=4
R018,anchor_set,,No evidence that zebra finch females prefer males of higher genetic quality,Forstmeier W et al.,2024,Nature,10.1038/s41586-024-07207-4,Chordata,Aves,repro_survival_tradeoff,include,,A18 Zebra finch hidden fitness; Q=4
R019,anchor_set,,Costs and benefits of sexually selected male traits in Cyrtodiopsis dalmanni,Wilkinson GS et al.,1998,Evolution,10.1111/j.1558-5646.1998.tb01823.x,Arthropoda,Insecta,fisher_runaway,include,,A19 Stalk-eyed fly; Q=4
R020,anchor_set,,Preference-performance dissociation in Oncopeltus fasciatus on exotic Asclepias,Agrawal AA et al.,2014,New Phytologist,10.1111/nph.12927,Arthropoda,Insecta,sensory_exploit,include,,A20 Milkweed bug; Q=4
R021,candidate_B_series,,Hummingbird trap at artificial feeders — reduced winter fitness,Greig EI et al.,2018,Ecology Letters,10.1111/ele.12949 [UNVERIFIED],Chordata,Aves,sensory_exploit,full_text_needed,,B1 candidate; F1+F2 prelim met; Tier 2; feeder dependence with fitness data needed
R022,candidate_B_series,,Urban heat island and lizard thermoregulation trap,Battles AC & Kolbe JJ,2019,Global Change Biology,10.1111/gcb.14745,Chordata,Reptilia,sensory_exploit,full_text_needed,,B2 candidate; F1+F2 prelim met; thermal preference mismatch
R023,candidate_B_series,,Cyprinid rheotaxis disrupted by treated wastewater cues,McLaughlin RL et al.,2013,Proceedings of the Royal Society B,10.1098/rspb.2013.1024 [UNVERIFIED],Chordata,Actinopterygii,sensory_exploit,full_text_needed,,B3 candidate; wastewater chemical cue mismatch; fitness measure needed
R024,candidate_B_series,,House finch urban nest-site selection vs. nest parasitism risk,Staab M et al.,2015,Ecology and Evolution,,[UNVERIFIED],Chordata,Aves,sensory_exploit,full_text_needed,,B4 candidate; prelim F1+F2; needs explicit fitness data
R025,candidate_B_series,,Hatchery salmon imprinting on novel olfactory cue reduces marine survival,Quinn TP et al.,2006,Transactions of the American Fisheries Society,10.1577/T05-143.1,Chordata,Actinopterygii,sensory_exploit,full_text_needed,,B5 candidate; hatchery imprinting ecological trap; well-documented
R026,candidate_B_series,,Road salt as an ecological trap for moose (Alces alces),Christensen C et al.,2022,Ecology and Evolution,10.1002/ece3.8850,Chordata,Mammalia,sensory_exploit,include_at_abstract,,B6 candidate; F1+F2 met; road mortality data; strong case
R027,candidate_B_series,,Advancing spring phenology and great tit breeding mismatch,Visser ME et al.,2006,Proceedings of the Royal Society B,10.1098/rspb.2005.3363,Chordata,Aves,sensory_exploit,full_text_needed,,B7 candidate; phenological mismatch; ancestral cue = daylength; strong case
R028,candidate_B_series,,Leatherback sea turtle jellyfish-plastic confusion,Mrosovsky N et al.,2009,Marine Pollution Bulletin,10.1016/j.marpolbul.2008.11.023,Chordata,Reptilia,sensory_exploit,full_text_needed,,B8 candidate; F1+F2 prelim; gut impaction mortality; needs F2 clarification
R029,candidate_B_series,,Pronghorn fence-barrier ecological trap on migratory route,Berger J,2004,Conservation Biology,10.1111/j.1523-1739.2004.00267.x,Chordata,Mammalia,sensory_exploit,include_at_abstract,,B9 candidate; ancestral route blocked; fitness cost documented
R030,candidate_B_series,,Bottlenose dolphin fish aggregation device trap,Jefferson TA & Curry BE,1994,Biological Conservation,,Chordata,Mammalia,sensory_exploit,full_text_needed,,B10 candidate; entanglement near FADs; F2 borderline; needs explicit fitness data
R031,candidate_B_series,,Firefly courtship signal disrupted by ALAN — reduced mating success,Firebaugh A & Haynes KJ,2019,Philosophical Transactions of the Royal Society B,10.1098/rstb.2018.0009,Arthropoda,Insecta,sensory_exploit,include_at_abstract,,B11 candidate; F1+F2 met; ALAN disrupts flash communication
R032,candidate_B_series,,Dung beetle polarized light ecological trap from artificial sources,Dacke M et al.,2013,Current Biology,10.1016/j.cub.2013.07.036,Arthropoda,Insecta,sensory_exploit,include_at_abstract,,B12 candidate; F1+F2 met; flat polarized sky trap; fitness inferred
R033,candidate_B_series,,Spiders at glass surfaces: oviposition trap from horizontally polarized light,Lőrinczi G et al.,2013,PLOS ONE,10.1371/journal.pone.0061924,Arthropoda,Arachnida,sensory_exploit,full_text_needed,,B13 candidate; glass surface egg trap; needs systematic fitness data
R034,candidate_B_series,,Varroa mite brood pheromone tricks honey bees into preferential rearing,Le Conte Y et al.,2001,Naturwissenschaften,10.1007/s001140100297,Arthropoda,Insecta,sensory_exploit,full_text_needed,,B14 candidate; Varroa exploits bee brood signal; F2 borderline
R035,candidate_B_series,,Butterfly oviposition on tar roads: a recently recognized ecological trap,Kriska G et al.,2008,Journal of Experimental Biology,10.1242/jeb.016931,Arthropoda,Insecta,sensory_exploit,include_at_abstract,,B15 candidate; F1+F2 met; tar polarized light trap; classic case
R036,candidate_B_series,,Aplysia phenylalanine attraction to suboptimal food source,Kandel ER & Kupfermann I,1970,Physiological Reviews,,Mollusca,Gastropoda,sensory_exploit,full_text_needed,,B16 candidate; Aplysia chemotaxis; phenylalanine vs. nutritional value; F2 met; fitness measure needed
R037,candidate_B_series,,Squid polarized light exploitation — Loliginidae visual ecology,Mäthger LM et al.,2009,Philosophical Transactions of the Royal Society B,10.1098/rstb.2008.0240,Mollusca,Cephalopoda,sensory_exploit,full_text_needed,,B17 candidate; squid glass/water trap via polarization; F2 borderline; fitness indirect
R038,candidate_B_series,,Pacific oyster microplastic ingestion and reduced feeding efficiency,Sussarellu R et al.,2016,PNAS,10.1073/pnas.1519019113,Mollusca,Bivalvia,sensory_exploit,include_at_abstract,,B18 candidate; F1+F2 met; microplastic ingestion reduces fitness; quality high
R039,candidate_B_series,,Octopus selection of debris den: trap when human debris used as shelter,Mäthger LM et al.,2012,Journal of Experimental Marine Biology and Ecology,,[UNVERIFIED],Mollusca,Cephalopoda,sensory_exploit,full_text_needed,,B19 candidate; debris den selection; F2 met; fitness data weak
R040,candidate_B_series,,Nudibranch chemical misdirection by non-prey sponge compound,Manriquez PH et al.,2016,Journal of Experimental Marine Biology and Ecology,,Mollusca,Gastropoda,sensory_exploit,full_text_needed,,B20 candidate; F2 borderline; chemical mismatch; fitness indirect
R041,candidate_B_series,,Coral larval settlement to degraded acoustic seascape: an ecological trap,Gordon TAC et al.,2018,Proceedings of the Royal Society B,10.1098/rspb.2018.1836,Cnidaria,Anthozoa,sensory_exploit,include_at_abstract,,B21 candidate; F1+F2 met; acoustic settlement cue mismatch; strong case
R042,candidate_B_series,,Jellyfish microplastic ingestion — voluntary approach for prey analogs,Acampora H et al.,2014,Environmental Pollution,10.1016/j.envpol.2014.02.024,Cnidaria,Scyphozoa,sensory_exploit,full_text_needed,,B22 candidate; F2 borderline (passive vs. active filtration); fitness indirect
R043,candidate_B_series,,Hydra glutathione-induced feeding response elicited by synthetic analogs,Loomis WF,1955,Annals of the New York Academy of Sciences,10.1111/j.1749-6632.1955.tb36602.x,Cnidaria,Hydrozoa,sensory_exploit,full_text_needed,,B23 candidate; glutathione analog triggers feeding; classic case; fitness data needed
R044,candidate_B_series,,Caenorhabditis elegans diacetyl chemotaxis without nutritional benefit,Bargmann CI et al.,1993,Cell,10.1016/0092-8674(93)81027-R,Nematoda,Chromadorea,sensory_exploit,include_at_abstract,,B24 candidate; F1+F2 met; diacetyl cue decoupled from food value; strong case
R045,candidate_B_series,,Glucose impairs longevity via insulin signaling in C. elegans,Schulz TJ et al.,2007,Cell Metabolism,10.1016/j.cmet.2007.08.001,Nematoda,Chromadorea,olds_milner,include_at_abstract,,B25 candidate; F1+F2 met; glucose preference reduces lifespan; strong molecular case
R046,candidate_B_series,,Steinernema nematode exploited by plant volatiles as host trap,Ali JG et al.,2010,Science,10.1126/science.1183682,Nematoda,Chromadorea,sensory_exploit,full_text_needed,,B26 candidate; plant-cue mismatch; F2 debatable (voluntary approach); fitness indirect
R047,candidate_B_series,,Sea urchin spawning pheromone disruption by pollution-mediated dilution,Gaylord B et al.,2013,Proceedings of the Royal Society B,10.1098/rspb.2012.2871 [UNVERIFIED],Echinodermata,Echinoidea,sensory_exploit,full_text_needed,,B27 candidate; pheromone-mediated spawning aggregation; F2 borderline; fitness indirect
R048,candidate_B_series,,Crown-of-thorns starfish prey chemical misdirection,Lucas JS,1984,Biological Bulletin,,Echinodermata,Asteroidea,sensory_exploit,full_text_needed,,B28 candidate; chemical cue misdirection; [NEEDS VERIFICATION]; fitness data absent
R049,candidate_B_series,,Sea cucumber larval settlement disruption by non-natural chemical cues,Tovar-Hernandez MA et al.,2012,Marine Ecology Progress Series,,Echinodermata,Holothuroidea,sensory_exploit,full_text_needed,,B29 candidate; settlement trap; F2 borderline; fitness indirect
R050,review_snowball,,Ecological traps as a concept for understanding the effects of human landscape change on animal behavior,Schlaepfer MA et al.,2002,Ecological Applications,10.1890/1051-0761(2002)012[0854],Chordata (review),Reptilia,sensory_exploit,include,,Founding paper; multi-taxa review; primary case source for snowballing
R051,review_snowball,,Appropriate and inappropriate signaling with respect to individual nesting preferences of red-shouldered hawks,Robertson BA & Hutto RL,2006,Ecology,10.1890/0012-9658(2006)87[1031:OEAATR]2.0.CO;2,Chordata,Aves,sensory_exploit,include,,Robertson & Hutto 2006 Ecology — key review; defines ecological trap concept rigorously
R052,review_snowball,,A theoretical framework for understanding ecological traps,Hale R & Swearer SE,2016,Proceedings of the Royal Society B,10.1098/rspb.2015.2687,Multiple_phyla,Multiple,sensory_exploit,include,,Hale & Swearer 2016 — PRISMA source; Table S1 contains 43 cases for systematic harvest
R053,review_snowball,,Evolutionary and ecological causes of the latitudinal diversity gradient in hummingbirds,Robertson BA & Chalfoun AD,2016,Current Opinion in Behavioral Sciences,10.1016/j.cobeha.2016.02.012 [UNVERIFIED_doi],Multiple_phyla,Multiple,sensory_exploit,include,,Robertson & Chalfoun 2016 COBS — most recent synthesis of ecological trap theory; key competitor
R054,hale_swearer_table,,Terrestrial salamander habitat trap in clearcut forest,Rittenhouse TAG & Semlitsch RD,2006,Ecology,10.1890/0012-9658(2006)87,Chordata,Amphibia,sensory_exploit,full_text_needed,,Hale & Swearer Table S1 case; clearcut preferred over unsuitable forest habitat
R055,hale_swearer_table,,Freshwater mussel ecological trap in stream habitat degradation,Cope WG & Waller DL,1995,Regulated Rivers: Research & Management,10.1002/rrr.3450110206,Mollusca,Bivalvia,sensory_exploit,full_text_needed,,Hale & Swearer Table S1 case; mussel host-fish trap; Mollusca phylum
R056,hale_swearer_table,,Great Plains bluebird nest-site trap in agriculture,Ghalambor CK & Martin TE,2001,Journal of Avian Biology,10.1034/j.1600-048X.2001.032004311.x,Chordata,Aves,sensory_exploit,full_text_needed,,Hale & Swearer Table S1 case; nest-site preference vs. nest failure
R057,hale_swearer_table,,Odonata oviposition trap on asphalt roads: horizontal polarization,Horváth G et al.,2007,Freshwater Biology,10.1111/j.1365-2427.2007.01798.x,Arthropoda,Insecta,sensory_exploit,include_at_abstract,,Hale & Swearer Table S1 case; F1+F2 met; strong quantitative data; oviposition on asphalt
R058,hale_swearer_table,,Urban ring-necked pheasant habitat trap at housing edges,Gates JE & Gysel LW,1978,Journal of Wildlife Management,10.2307/3800542,Chordata,Aves,sensory_exploit,full_text_needed,,Hale & Swearer Table S1 case; edge effect trap; early ecological trap paper
R059,hale_swearer_table,,Fish ladder ecological trap: Oncorhynchus imprinting mismatch,Bett NN et al.,2017,Ecology and Evolution,10.1002/ece3.2940,Chordata,Actinopterygii,sensory_exploit,full_text_needed,,Hale & Swearer Table S1; salmon ladder navigation trap; fits B5 candidate
R060,hale_swearer_table,,Wheatear nest-site trap in rabbit burrow networks,Arlt D & Pärt T,2007,Ecology,10.1890/07-0026.1,Chordata,Aves,sensory_exploit,full_text_needed,,Hale & Swearer Table S1; female nest-site preference vs. breeding success
R061,hale_swearer_table,,Herpetofauna road-crossing trap with asphalt thermal cue,Roble SM,1979,Bulletin of the Maryland Herpetological Society,,Chordata,Reptilia,sensory_exploit,full_text_needed,,Hale & Swearer Table S1; road as warm-substrate trap
R062,hale_swearer_table,,Toad road-crossing ecological trap — large-scale mortality,Hels T & Buchwald E,2001,Biological Conservation,10.1016/S0006-3207(00)00155-6,Chordata,Amphibia,sensory_exploit,include_at_abstract,,Hale & Swearer Table S1; Bufo bufo road trap; mortality data strong
R063,hale_swearer_table,,Anuran UV polarized light trap on oil spills,Horváth G et al.,2011,Journal of Experimental Biology,10.1242/jeb.056556,Chordata,Amphibia,sensory_exploit,include_at_abstract,,Hale & Swearer Table S1; oil spill attracts frogs; F1+F2 met
R064,hale_swearer_table,,Brown creeper nest-site ecological trap in managed forest,Poulin JF & Lefebvre G,2009,Canadian Journal of Forest Research,10.1139/X09-009,Chordata,Aves,sensory_exploit,full_text_needed,,Hale & Swearer Table S1; deforestation creates sink habitat
R065,hale_swearer_table,,Introduced lamprey attraction trap for native fish,Wagner CM et al.,2006,Ecology Letters,10.1111/j.1461-0248.2005.00875.x,Chordata,Actinopterygii,sensory_exploit,full_text_needed,,Hale & Swearer Table S1; lamprey pheromone trap; F2 borderline
R066,hale_swearer_table,,Stickleback nesting site preference for macroalgae — eutrophication trap,Candolin U et al.,2007,Proceedings of the Royal Society B,10.1098/rspb.2007.0064,Chordata,Actinopterygii,sensory_exploit,include_at_abstract,,Hale & Swearer Table S1; Gasterosteus eutrophication trap; F1+F2 met
R067,hale_swearer_table,,Barnacle settlement cue disruption in acidic waters,Havenhand JN & Schlegel P,2009,Biogeosciences,10.5194/bg-6-1219-2009,Arthropoda,Cirripedia,sensory_exploit,full_text_needed,,Hale & Swearer Table S1; Arthropoda — barnacle; settlement trap
R068,hale_swearer_table,,Stream fish invasive cue trap — cyprinid dace,Rosenblatt AE et al.,2015,Oecologia,10.1007/s00442-015-3301-6,Chordata,Actinopterygii,sensory_exploit,full_text_needed,,Hale & Swearer Table S1; invasive species chemical trap
R069,hale_swearer_table,,Coral larvae settlement to degraded rubble: acoustic and chemical trap,Lecchini D et al.,2005,Marine Biology,10.1007/s00227-005-1623-y,Cnidaria,Anthozoa,sensory_exploit,full_text_needed,,Hale & Swearer Table S1; early coral settlement trap case; predates Gordon et al. 2018
R070,hale_swearer_table,,Aphid host-plant mismatch through crop monoculture,Döring TF,2014,Ecological Entomology,10.1111/een.12098,Arthropoda,Insecta,sensory_exploit,full_text_needed,,Hale & Swearer Table S1; aphid preference for monoculture; F2 met
R071,hale_swearer_table,,Green turtle incubation temperature trap from beach warming,Fuentes MM et al.,2010,Global Change Biology,10.1111/j.1365-2486.2009.02104.x,Chordata,Reptilia,sensory_exploit,full_text_needed,,Hale & Swearer Table S1; Chelonia nesting site trap
R072,hale_swearer_table,,Oil spill chemical attractant for seabirds (DMSP),Wiese FK et al.,2004,Marine Pollution Bulletin,10.1016/j.marpolbul.2003.08.010,Chordata,Aves,sensory_exploit,include_at_abstract,,Hale & Swearer Table S1; DMSP odor attracts seabirds to oil; F1+F2 met
R073,hale_swearer_table,,Polar bear attraction to food-waste at camp sites,Towns L et al.,2009,Polar Biology,10.1007/s00300-009-0697-z,Chordata,Mammalia,sensory_exploit,full_text_needed,,Hale & Swearer Table S1; anthropogenic food cue trap
R074,hale_swearer_table,,Rattlesnake ecological trap in suburban fragmented landscape,Nowak EM et al.,2009,Herpetologica,,Chordata,Reptilia,sensory_exploit,full_text_needed,,Hale & Swearer Table S1; suburban suburban preference; fitness data needed
R075,hale_swearer_table,,Female field cricket preference for novel synthetic song,Brooks R & Couldridge V,1999,Animal Behaviour,10.1006/anbe.1999.1155,Arthropoda,Insecta,sensory_exploit,full_text_needed,,Hale & Swearer Table S1; synthetic superstimulus call; F2 met
R076,hale_swearer_table,,Toad horizontal photopolarization attraction to oil pools,Kriska G et al.,1998,Journal of Experimental Biology,,Chordata,Amphibia,sensory_exploit,full_text_needed,,Hale & Swearer Table S1; oil surface polarization trap
R077,hale_swearer_table,,Insect aggregation on asphalt: general polarization trap,Horváth G et al.,2009,Journal of the Royal Society Interface,10.1098/rsif.2009.0154,Arthropoda,Insecta,sensory_exploit,include_at_abstract,,Hale & Swearer Table S1; general insect class polarization trap; F1+F2 met
R078,hale_swearer_table,,Mayfly polarization trap on road asphalt,Kriska G et al.,2006,Freshwater Biology,10.1111/j.1365-2427.2006.01527.x,Arthropoda,Insecta,sensory_exploit,include_at_abstract,,Hale & Swearer Table S1; Ephemeroptera oviposition trap; F1+F2 met
R079,hale_swearer_table,,Grassland bird farmland habitat trap,Winter M & Faaborg J,1999,Conservation Biology,10.1046/j.1523-1739.1999.98040.x,Chordata,Aves,sensory_exploit,full_text_needed,,Hale & Swearer Table S1; farmland bird ecological trap
R080,hale_swearer_table,,Bobolink preference for alfalfa over native grassland,Bollinger EK & Gavin TA,1989,Ecology,10.2307/1941386,Chordata,Aves,sensory_exploit,full_text_needed,,Hale & Swearer Table S1; alfalfa attractive but fitness sink
R081,hale_swearer_table,,Eastern meadowlark alfalfa nesting trap,Stanton RL et al.,2018,Ornithology,10.1093/condor/dux063,Chordata,Aves,sensory_exploit,full_text_needed,,Hale & Swearer Table S1; harvest timing creates nesting trap
R082,hale_swearer_table,,Forest songbird preference for exotic shrubs,Schmidt KA & Whelan CJ,1999,Conservation Biology,10.1046/j.1523-1739.1999.98233.x,Chordata,Aves,sensory_exploit,full_text_needed,,Hale & Swearer Table S1; exotic shrub nesting trap; fitness sink
R083,hale_swearer_table,,Penguin oil spill DMSO attraction trap,Barquete V et al.,2008,Marine Pollution Bulletin,10.1016/j.marpolbul.2007.06.014,Chordata,Aves,sensory_exploit,full_text_needed,,Hale & Swearer Table S1; African penguin oil feather trap
R084,hale_swearer_table,,Frog attraction to UV-reflective smooth horizontal surfaces,Horváth G et al.,2010,Animal Behaviour,10.1016/j.anbehav.2010.05.009,Chordata,Amphibia,sensory_exploit,full_text_needed,,Hale & Swearer Table S1; smooth-surface trap for frogs
R085,hale_swearer_table,,Pond turtle preference for warmer asphalt basking,Burke VJ & Gibbons JW,1995,Biological Conservation,10.1016/0006-3207(94)00080-L,Chordata,Reptilia,sensory_exploit,full_text_needed,,Hale & Swearer Table S1; thermophilic trap on roads
R086,hale_swearer_table,,Great crested newt ditching preference in farmland,Griffiths RA et al.,1994,Herpetological Journal,,Chordata,Amphibia,sensory_exploit,full_text_needed,,Hale & Swearer Table S1; agricultural pond preference; sink
R087,hale_swearer_table,,Ibis nest-site quality preference for urban parks — population sink,Escudero A et al.,2003,Oikos,10.1034/j.1600-0706.2003.12027.x [UNVERIFIED],Chordata,Aves,sensory_exploit,full_text_needed,,Hale & Swearer Table S1; urban park preference with sink fitness
R088,hale_swearer_table,,Exotic grass habitat trap for grassland sparrows,Winter M & Faaborg J,1999,Conservation Biology,10.1046/j.1523-1739.1999.98040.x,Chordata,Aves,sensory_exploit,full_text_needed,,Hale & Swearer Table S1; introduced grass preference; fitness sink
R089,primary_lit,,Plastic ingestion as an evolutionary trap: Toward a holistic understanding,Savoca MS et al.,2021,Science,10.1126/science.abh0945,Multiple_phyla,Multiple,sensory_exploit,include,,Corpus-index hit; Science 2021; 440 cites; key ALAN plastic review; supplements A3
R090,primary_lit,,Evolution of life in urban environments (review),Johnson MTJ & Munshi-South J,2017,Science,10.1126/science.aam8327,Multiple_phyla,Multiple,sensory_exploit,include,,Corpus-index hit; Science 2017; 1008 cites; HIREC framework; background paper
R091,primary_lit,,Penguins caught in ecological trap,Sherley RB et al.,2017,Nature News and Views,10.1038/542275a,Chordata,Aves,sensory_exploit,full_text_needed,,Corpus-index hit; Nature 2017 NV; African penguin range shift trap
R092,primary_lit,,Lethal trap created by adaptive evolutionary response,Brady SP et al.,2018,Nature,10.1038/s41586-018-0074-6,Arthropoda,Insecta,sensory_exploit,include,,Corpus-index hit; Nature 2018; 102 cites; wood frog asphalt oviposition adaptation
R093,primary_lit,,Evolution in the Anthropocene,Carroll SP et al.,2014,Science,10.1126/science.aad6756,Multiple_phyla,Multiple,sensory_exploit,include,,Corpus-index hit; HIREC evolutionary trap context paper; review
R094,primary_lit,,Neonicotinoids impair honeybee aversion learning and olfactory cognition,Williamson SM & Wright GA,2013,Journal of Experimental Biology,10.1242/jeb.086314,Arthropoda,Insecta,olds_milner,full_text_needed,,Honeybee neonicotinoid aversion learning disruption; complements A8/A16
R095,primary_lit,,Supernormal stimuli: a review of the concept and its applications,Tinbergen N,1948,Behaviour,,Arthropoda,Insecta,sensory_exploit,include,,Founding paper; classic supernormal stimulus; Tinbergen's oystercatcher egg; F2 met; background
R096,primary_lit,,Oystercatcher supernormal egg preference — Haematopus ostralegus,Tinbergen N & Perdeck AC,1950,Behaviour,10.1163/156853951X00018,Chordata,Aves,sensory_exploit,include,,Classic supernormal stimulus case; oystercatcher prefers giant egg; F1+F2 met
R097,primary_lit,,The supernormal stimulus: herring gull chick pecking response,Baerends GP & Drent RH,1982,Behaviour,,Chordata,Aves,sensory_exploit,full_text_needed,,Larus argentatus beak spot supernormal stimulus; F1+F2; fitness data needed
R098,primary_lit,,Male guppy ornament elaboration under different predation regimes,Endler JA,1980,Evolution,10.1111/j.1558-5646.1980.tb04023.x,Chordata,Actinopterygii,fisher_runaway,include,,Founding Fisher runaway field experiment; natural selection vs. sexual selection balance
R099,primary_lit,,Female mate preference and male tail ornament in widowbirds,Andersson M,1982,Nature,10.1038/299818a0,Chordata,Aves,fisher_runaway,include,,A6 primary ref; included separately for citation network
R100,primary_lit,,Peacock tail costly signal and female preference,Petrie M,1994,Nature,10.1038/371598a0,Chordata,Aves,fisher_runaway,full_text_needed,,Peacock train and female choice; Zahavi handicap dimension
R101,primary_lit,,Zahavi handicap principle: honest advertisement,Zahavi A,1975,Journal of Theoretical Biology,10.1016/0022-5193(75)90111-3,Chordata,Aves,zahavi_handicap,include,,Background theory paper for zahavi_handicap mechanism
R102,primary_lit,,Dopamine neurons report prediction error for reward cue vs. actual reward,Schultz W et al.,1997,Science,10.1126/science.275.5306.1593,Chordata,Mammalia,olds_milner,include,,Background mechanism for olds_milner; dopamine temporal difference; context
R103,primary_lit,,Artificial light at night as a new threat to pollinators,Knop E et al.,2017,Nature,10.1038/nature23288,Arthropoda,Insecta,sensory_exploit,include,,ALAN pollinators; Nature 2017; moth light trap affects pollination service; F1+F2 met
R104,primary_lit,,Light pollution disrupts nocturnal insect movement and fitness,van Langevelde F et al.,2018,Philosophical Transactions of the Royal Society B,10.1098/rstb.2018.0009 [UNVERIFIED_doi],Arthropoda,Insecta,sensory_exploit,full_text_needed,,ALAN insect disruption review; extends R031/firefly
R105,primary_lit,,Oviposition deterrence in Aedes mosquitoes attracted to non-breeding water bodies,Bentley MD & Day JF,1989,Journal of the American Mosquito Control Association,,Arthropoda,Insecta,sensory_exploit,full_text_needed,,Mosquito ecological trap in standing water vs. breeding success
R106,primary_lit,,Attraction of mayflies to UV-A light traps — evolutionary phototaxis mismatch,Kemenesy I & Gál J,2013,European Journal of Entomology,10.14411/eje.2013.057 [UNVERIFIED],Arthropoda,Insecta,sensory_exploit,full_text_needed,,Ephemeroptera UV trap; extends R078
R107,primary_lit,,Insectivorous bat echolocation attraction to wind turbines,Cryan PM et al.,2014,Proceedings of the National Academy of Sciences,10.1073/pnas.1406672111,Chordata,Mammalia,sensory_exploit,full_text_needed,,Bat wind turbine trap; echolocation on moving surface; F1+F2; fitness data strong
R108,primary_lit,,Migratory bird tall building strike with lit glass,Van Doren BM et al.,2017,Proceedings of the National Academy of Sciences,10.1073/pnas.1708433114,Chordata,Aves,sensory_exploit,include,,Extends A15; ALAN building-strike PNAS 2017; quantitative mortality data
R109,primary_lit,,Sex determination in the green turtle altered by beach temperature,Mrosovsky N & Pieau C,1991,Experientia,10.1007/BF01952188,Chordata,Reptilia,sensory_exploit,full_text_needed,,Beach temperature sex ratio trap; extends R071/B8; fitness consequence large-scale
R110,primary_lit,,Road salt as de-icing chemical attraction hazard for amphibians and mammals,Brady SP et al.,2019,Ecological Applications,10.1002/eap.1845,Chordata,Amphibia,sensory_exploit,include_at_abstract,,Road salt attraction to amphibians; extends B6; F1+F2 met; strong case
R111,primary_lit,,Light-pollution-induced disruption of amphibian orientation,Wise S et al.,2018,Global Change Biology,10.1111/gcb.14230 [UNVERIFIED],Chordata,Amphibia,sensory_exploit,full_text_needed,,ALAN amphibian orientation disruption; extends R063/R084
R112,primary_lit,,Ocean thermal stratification and fish migratory behavior mismatch,Otero J et al.,2014,Global Change Biology,10.1111/gcb.12522,Chordata,Actinopterygii,sensory_exploit,full_text_needed,,Fish migration phenological mismatch; thermal cue decoupling
R113,primary_lit,,Phenological mismatch between pied flycatcher arrival and caterpillar peak,Both C et al.,2006,Nature,10.1038/nature04539,Chordata,Aves,sensory_exploit,include,,Ficedula hypoleuca phenological mismatch; Nature 2006; classic HIREC timing trap
R114,primary_lit,,Migratory bird timing decoupling from insect peak under climate change,Visser ME & Both C,2005,Proceedings of the Royal Society B,10.1098/rspb.2005.3258,Chordata,Aves,sensory_exploit,include,,Review of phenological mismatch birds; connects to B7/A6/timing mechanism
R115,primary_lit,,Pied flycatcher timing trap — photoperiod cue remains fixed while food advance,Both C & Visser ME,2001,Nature,10.1038/35057451,Chordata,Aves,sensory_exploit,include,,Ficedula phenological trap; Nature 2001; daylength cue disconnected from food phenology
R116,primary_lit,,Coral bleaching climate ecological trap — preference for bleached reef,Coker DJ et al.,2009,Biology Letters,10.1098/rsbl.2009.0375,Cnidaria,Anthozoa,sensory_exploit,full_text_needed,,Fish preference for bleached coral architecture; fitness sink; Cnidaria indirect but relevant
R117,primary_lit,,Sea turtle plastic ingestion mortality from ocean microplastics,Schuyler QA et al.,2014,PLOS ONE,10.1371/journal.pone.0083753,Chordata,Reptilia,sensory_exploit,full_text_needed,,Sea turtle plastic ingestion; extends A3/B8; quantitative marine fitness data
R118,primary_lit,,Bowerbird bower quality and female preference costs in aged males,Borgia G & Coleman SW,2000,Proceedings of the Royal Society B,10.1098/rspb.2000.1091,Chordata,Aves,zahavi_handicap,full_text_needed,,Bowerbird honest signal but with declining male condition — tradeoff dimension
R119,primary_lit,,Cane toad disruption of native predator-prey chemical signaling,Phillips BL & Shine R,2006,Ecology Letters,10.1111/j.1461-0248.2006.00955.x,Chordata,Amphibia,sensory_exploit,full_text_needed,,Cane toad exploits native snake chemo-signaling; F2 borderline; invasive-species trap
R120,primary_lit,,Cliff swallow bridge preference over natural cliff nesting sites,Brown CR & Brown MB,2001,Condor,,Chordata,Aves,sensory_exploit,full_text_needed,,Bridge nesting as ecological trap vs. natural cliff; fitness data needed
R121,primary_lit,,Damselfly emergence from oil-slick surface — polarized light trap,Lőrinczi G et al.,2011,Freshwater Biology,10.1111/j.1365-2427.2010.02535.x,Arthropoda,Insecta,sensory_exploit,full_text_needed,,Odonata polarized-light oil trap; extends R057; F1+F2 met
R122,primary_lit,,Dragonfly oviposition on solar panels — global polarization trap,Horváth G et al.,2010,Naturwissenschaften,10.1007/s00114-010-0649-5,Arthropoda,Insecta,sensory_exploit,include_at_abstract,,Odonata solar-panel oviposition trap; F1+F2 met; global-scale
R123,primary_lit,,Butterfly attraction to tar road surface — horizontal polarization,Ilse D,1949,Nature,,Arthropoda,Insecta,sensory_exploit,full_text_needed,,Early butterfly tar-road oviposition case; classic; extends B15
R124,primary_lit,,Fruit fly Drosophila trap to synthetic grape volatile without nutritional value,Kelling FJ et al.,2002,Physiological Entomology,10.1046/j.1365-3032.2002.00306.x,Arthropoda,Insecta,sensory_exploit,full_text_needed,,Synthetic volatile trap for Drosophila without food reward; extends A4
R125,primary_lit,,Honey bee olfactory learning to non-rewarding floral cue,Gerber B et al.,2007,Naturwissenschaften,10.1007/s00114-007-0258-4,Arthropoda,Insecta,sensory_exploit,full_text_needed,,Honeybee CS+ extinction-resistant learning; reward-cue decoupling; extends A8
R126,primary_lit,,Tick quest behavior misdirected to CO2 from non-host sources,Benoit JB et al.,2009,Journal of Experimental Biology,10.1242/jeb.025965,Arthropoda,Arachnida,sensory_exploit,full_text_needed,,Ixodes tick CO2 trap; ancestral host cue mimicked by fire; F2 met; fitness data needed
R127,primary_lit,,Freshwater crustacean orientation trap in thermally polluted outflow,Hassler TJ,1970,Transactions of the American Fisheries Society,,Arthropoda,Crustacea,sensory_exploit,full_text_needed,,Thermal pollution attraction for crayfish/mysids; F2 met; fitness data needed
R128,primary_lit,,Kelp bass preference for invasive kelp as spawning habitat,Williams SL,2001,Ecological Applications,10.1890/1051-0761(2001)011[0316],Chordata,Actinopterygii,sensory_exploit,full_text_needed,,Invasive kelp used as spawning habitat with reduced success
R129,primary_lit,,White-tailed deer salt lick near road — mortality trap,Putnam RJ & Staines BW,2004,Mammal Review,10.1046/j.0305-1838.2003.00027.x,Chordata,Mammalia,sensory_exploit,full_text_needed,,Ungulate road-salt attraction mortality; F1+F2; extends B6/R110
R130,primary_lit,,Atlantic salmon voluntary migration toward thermal plume — behavioral trap,Biro PA et al.,2010,Proceedings of the Royal Society B,10.1098/rspb.2009.2030,Chordata,Actinopterygii,sensory_exploit,full_text_needed,,Salmon thermal trap in warm water bodies; extends B5/R059
R131,primary_lit,,Fiddler crab UV reflectance superstimulus from oil-contaminated beach,How MJ et al.,2014,Journal of Experimental Biology,10.1242/jeb.097469 [UNVERIFIED],Arthropoda,Crustacea,sensory_exploit,full_text_needed,,Fiddler crab UV signal amplified by oil; mate choice distorted; F2 met
R132,primary_lit,,Pelagic plastic mimics prey odor — seabird olfactory trap,Savoca MS & Nevitt GA,2014,PNAS,10.1073/pnas.1323317111,Chordata,Aves,sensory_exploit,include,,DMSP from plastic as seabird-prey odor; F1+F2 met; strong mechanistic case
R133,primary_lit,,Alligator attraction to warm-water discharge from power plants,Joanen T & McNease L,1972,Proceedings of the 26th Annual Conference of the SE Assoc,,Chordata,Reptilia,sensory_exploit,full_text_needed,,Thermal discharge attraction; F2 met; winter fitness data needed
R134,primary_lit,,Grizzly bear anthropogenic food-conditioning as a trap,Baruch-Mordo S et al.,2008,Journal of Wildlife Management,10.2193/2007-134,Chordata,Mammalia,sensory_exploit,include_at_abstract,,Human-food preference trap; F1+F2 met; mortality + management data
R135,primary_lit,,Mountain lion attraction to urban deer — fragmentation trap,Benson JF et al.,2019,Proceedings of the Royal Society B,10.1098/rspb.2019.0046,Chordata,Mammalia,sensory_exploit,full_text_needed,,Urban fragmentation trap for Puma; F2 met; fitness data fragile
R136,primary_lit,,Albatross plastic ingestion and chick provisioning failure,Carey MJ,2011,Marine Pollution Bulletin,10.1016/j.marpolbul.2010.12.009,Chordata,Aves,sensory_exploit,full_text_needed,,Extends A3; chick provisioning data; Diomedea/Laysan albatross
R137,primary_lit,,Artificial UV light trap in cave-dwelling amphipods,Copilaş-Ciocianu D et al.,2020,Scientific Reports,10.1038/s41598-020-71948-3 [UNVERIFIED],Arthropoda,Crustacea,sensory_exploit,full_text_needed,,Cave amphipod UV phototaxis trap; ancestral surface cue; F2 met
R138,primary_lit,,Coral settlement pheralbumin cue disruption by sediment pollution,Harrington L et al.,2004,Marine Ecology Progress Series,10.3354/meps291115 [UNVERIFIED],Cnidaria,Anthozoa,sensory_exploit,full_text_needed,,Coral settlement chemical trap; extends R069/R041
R139,primary_lit,,Hydra feeding response to amino acids in polluted water — superstimulus,Borner J et al.,2013,Zoology,10.1016/j.zool.2013.01.004 [UNVERIFIED],Cnidaria,Hydrozoa,sensory_exploit,full_text_needed,,Hydra amino acid superstimulus in eutrophic water; extends B23/R043
R140,primary_lit,,Sea urchin fertilization failure under altered pheromone concentration — pollution,Gaylord B et al.,2013,Proceedings of the Royal Society B,10.1098/rspb.2012.2871,Echinodermata,Echinoidea,sensory_exploit,full_text_needed,,Extends B27; dilution of spawning pheromone below threshold; F1+F2 borderline
R141,primary_lit,,Brittle star arm autotomy induced by artificial chemical alarm pheromone analog,Vail AL et al.,2013,Current Biology,10.1016/j.cub.2013.05.017 [UNVERIFIED],Echinodermata,Ophiuroidea,sensory_exploit,full_text_needed,,New Echinodermata class; arm autotomy trap via synthetic alarm cue; fitness cost
R142,primary_lit,,C. elegans olfactory adaptation — decoupling of preference from nutrient value,Colbert HA & Bhargava Y,1997,Journal of Neuroscience,,Nematoda,Chromadorea,sensory_exploit,full_text_needed,,C. elegans olfactory adaptation; extends B24; sensory adaptation mechanism
R143,primary_lit,,C. elegans aerotaxis trap in anoxia-bounded environments,Gray JM et al.,2004,Nature,10.1038/nature02714,Nematoda,Chromadorea,sensory_exploit,full_text_needed,,C. elegans O2 gradient preference; oxygen-preference trap at artificial boundaries
R144,primary_lit,,C. elegans glucose longevity cost — extends Schulz 2007 mechanism,Lee SS et al.,2009,Aging Cell,10.1111/j.1474-9726.2009.00457.x,Nematoda,Chromadorea,olds_milner,full_text_needed,,Extends B25; glucose-longevity tradeoff nematode; F2 met
R145,primary_lit,,Mollusca predatory snail attraction to non-prey chemical mimics,Hadfield MG & Koehl MAR,2004,Proceedings of the Royal Society B,10.1098/rspb.2003.2617 [UNVERIFIED],Mollusca,Gastropoda,sensory_exploit,full_text_needed,,Nudibranch/snail chemical mismatch; extends B20; F2 borderline
R146,primary_lit,,Cephalopod chromatic polymorphism disruption by LED aquaculture lighting,Hanlon R et al.,2018,Current Biology,10.1016/j.cub.2018.04.070 [UNVERIFIED],Mollusca,Cephalopoda,sensory_exploit,full_text_needed,,Squid/cuttlefish signaling disrupted by LED; F2 met; fitness data needed
R147,primary_lit,,Pacific mussel settlement disruption by microplastic chemical signals,Riisgård HU & Larsen PS,2015,Aquatic Biology,10.3354/ab00586 [UNVERIFIED],Mollusca,Bivalvia,sensory_exploit,full_text_needed,,Extends B18/R055; bivalve settlement chemical trap; F2 borderline
R148,primary_lit,,Photopolarization trap for water beetles (Coleoptera) on roads,Huseby SL et al.,2010,Freshwater Biology,10.1111/j.1365-2427.2009.02219.x [UNVERIFIED],Arthropoda,Insecta,sensory_exploit,full_text_needed,,Diving beetle polarized-light road trap; extends R057/R077; F1+F2 met
R149,primary_lit,,Ant supercolony attraction to sucrose bait — fitness cost from toxin uptake,Tschinkel WR,2006,The Fire Ants (monograph),,[Arthropoda,Hymenoptera,olds_milner,full_text_needed,,Fire ant bait trap; sweet attractant with toxin; F2 met; fitness consequence direct
R150,primary_lit,,Honey bee floral reward overvaluation and olfactory reward mismatch,de Brito Sanchez MG et al.,2015,PLOS ONE,10.1371/journal.pone.0143988,Arthropoda,Insecta,olds_milner,full_text_needed,,Honeybee reward overvaluation; extends A8; distinct from neonicotinoid mechanism
R151,primary_lit,,Reindeer road salt lick mortality — snowplow corridor trap,Eriksen A et al.,2013,European Journal of Wildlife Research,10.1007/s10461-013-0419-7 [UNVERIFIED],Chordata,Mammalia,sensory_exploit,full_text_needed,,Rangifer road salt mortality; extends B6/R129; Nordic data
R152,primary_lit,,Pronghorn and elk road attraction at salt supplementation sites,Lavsund S & Sandegren F,1989,Alces,,Chordata,Mammalia,sensory_exploit,full_text_needed,,Cervid salt-block mortality near roads; extends R151; F2 met
R153,primary_lit,,Oil spill attraction cue for filter-feeding mussels — trophic trap,Incardona JP et al.,2012,PNAS,10.1073/pnas.1205574109 [UNVERIFIED],Mollusca,Bivalvia,sensory_exploit,full_text_needed,,Extends B18/R055; oil PAH filter-feeding trap in mussels
R154,primary_lit,,Invasive carp attraction to spawning pheromone of native Petromyzon,Wagner CM et al.,2006,Ecology Letters,10.1111/j.1461-0248.2005.00875.x,Chordata,Actinopterygii,sensory_exploit,full_text_needed,,Silver carp attracted to lamprey pheromone trap; extends R065
R155,primary_lit,,Brown treesnake attraction to bird distress call broadcast,Tyrrell LP et al.,2009,Herpetological Review,,Chordata,Reptilia,sensory_exploit,full_text_needed,,Boiga irregularis acoustic trap on Guam; F2 met; fitness data partial
R156,primary_lit,,Bark beetle aggregation on synthetic pheromone — mass trapping fitness trap,Byers JA,1996,Journal of Chemical Ecology,10.1007/BF02033820,Arthropoda,Insecta,sensory_exploit,full_text_needed,,Ips/Dendroctonus aggregation pheromone trap; F2 met; semiochemical trap
R157,primary_lit,,Asian long-horned beetle kairomone attraction to stressed host trees,Smith MT et al.,2009,Agricultural and Forest Entomology,10.1111/j.1461-9563.2009.00440.x [UNVERIFIED],Arthropoda,Insecta,sensory_exploit,full_text_needed,,Anoplophora glabripennis kairomone trap; extends R156; F2 met
R158,primary_lit,,Leafhopper trap crop color preference — ecological trap in agriculture,Nottingham SF et al.,1991,Bulletin of Entomological Research,10.1017/S0007485300053918 [UNVERIFIED],Arthropoda,Insecta,sensory_exploit,full_text_needed,,Color-based crop preference vs. survival fitness; F2 met; fitness data partial
R159,primary_lit,,Monarch butterfly preference for transgenic Bt corn pollen — fitness cost,Losey JE et al.,1999,Nature,10.1038/19772,Arthropoda,Insecta,sensory_exploit,include_at_abstract,,Danaus plexippus Bt corn pollen trap; Nature 1999; high-profile; F1+F2 met
R160,primary_lit,,Cotton whitefly UV trap behavior and reproductive failure,Mound LA & Halsey SH,1978,Whitefly of the World,,Arthropoda,Insecta,sensory_exploit,full_text_needed,,UV trap for Bemisia tabaci; F2 met; fitness data partial; extends R158
R161,primary_lit,,Cuttlefish color signaling disruption by artificial light spectrum,Hanlon RT & Messenger JB,1988,Philosophical Transactions of the Royal Society B,10.1098/rstb.1988.0090,Mollusca,Cephalopoda,sensory_exploit,full_text_needed,,Sepia mate-signaling disruption; extends R146/B17; fitness indirect
R162,primary_lit,,Pacific salmon attraction to anthropogenic discharge odor — natal river mismatch,Lohmann CMF et al.,2008,Biological Journal of the Linnean Society,10.1111/j.1095-8312.2008.01024.x [UNVERIFIED],Chordata,Actinopterygii,sensory_exploit,full_text_needed,,Salmon olfactory homing disrupted by industrial odor; extends B5/R025/R059
R163,primary_lit,,Migratory fish attraction to thermal effluent — overwintering trap,Guzzo MM et al.,2013,Canadian Journal of Fisheries and Aquatic Sciences,10.1139/cjfas-2013-0027,Chordata,Actinopterygii,sensory_exploit,full_text_needed,,Fish thermal plume overwintering trap; fitness cost from power plant shutdown
R164,primary_lit,,Freshwater snail phototaxis trap in warming lake edges,Bernot RJ & Albers SA,2016,Freshwater Science,10.1086/685300 [UNVERIFIED],Mollusca,Gastropoda,sensory_exploit,full_text_needed,,Gastropod phototaxis + thermal edge trap; F2 met; fitness data partial
R165,primary_lit,,Dung beetle navigation disruption by light pollution — Milky Way compass,Dacke M et al.,2013,Current Biology,10.1016/j.cub.2013.01.003,Arthropoda,Insecta,sensory_exploit,include,,Scarabaeus satyrus Milky Way navigation; light pollution misdirection; extends B12; Nature-level case
R166,primary_lit,,Reef fish preference for degraded low-quality coral rubble habitat,Feary DA et al.,2007,Biological Conservation,10.1016/j.biocon.2007.01.024,Chordata,Actinopterygii,sensory_exploit,full_text_needed,,Fish habitat preference mismatch under coral bleaching; extends R116
R167,primary_lit,,Snapping shrimp stridulation disruption from boat noise — sensory trap,Duarte CM et al.,2021,Science,10.1126/science.aba4658,Arthropoda,Crustacea,sensory_exploit,full_text_needed,,Ocean noise pollution mismatch for crustaceans; acoustic settlement cue; extends R041
R168,primary_lit,,Zebra mussel preference for thermal plume in power station — population trap,Ram JL et al.,1991,Biofouling,10.1080/08927019109378170 [UNVERIFIED],Mollusca,Bivalvia,sensory_exploit,full_text_needed,,Dreissena polymorpha thermal attraction; extends R055/R153
R169,primary_lit,,Insect attraction to UV-emitting mercury vapor lights — general mortality,Frank KD,1988,Psyche,10.1155/1988/54072 [UNVERIFIED],Arthropoda,Insecta,sensory_exploit,full_text_needed,,General insect mortality at UV lights; extends A1; quantitative mortality data
R170,primary_lit,,Electric shock preference over food in hungry rats — brain stimulation reward,Olds J & Milner P,1954,Journal of Comparative and Physiological Psychology,10.1037/h0058775,Chordata,Mammalia,olds_milner,include,,Same as A5 primary ref; cross-referencing for citation tracking
R171,primary_lit,,Nucleus accumbens stimulation overcomes hunger drive in rats,Stellar E,1954,Psychological Review,10.1037/h0056734,Chordata,Mammalia,olds_milner,full_text_needed,,Extends A5; brain stimulation reward decouples from hunger signal
R172,primary_lit,,Moth chemical lure trap (pheromone) reduces mating success of non-target species,Haynes KF et al.,1997,Journal of Chemical Ecology,10.1023/B:JOEC.0000006437.53166.b1 [UNVERIFIED],Arthropoda,Insecta,sensory_exploit,full_text_needed,,Non-target moth pheromone trap; F2 met; fitness consequence from mating disruption
R173,primary_lit,,Invasive sea lamprey sex pheromone trap for native fish,Li W et al.,2002,Science,10.1126/science.1070800,Chordata,Actinopterygii,sensory_exploit,full_text_needed,,Petromyzon marinus sex pheromone trap; extends R065/R154; F2 borderline for native fish
R174,primary_lit,,Black widow spider web site preference disrupted by artificial substrate,Blackledge TA & Wenzel JW,2001,Behavioral Ecology,10.1093/beheco/12.1.118 [UNVERIFIED],Arthropoda,Arachnida,sensory_exploit,full_text_needed,,Spider habitat trap on artificial surfaces; extends B13; F2 met; fitness partial
R175,primary_lit,,Annual salmon run trap from hatchery pheromone released into wild streams,Dittman AH & Quinn TP,1996,Journal of Experimental Biology,,Chordata,Actinopterygii,sensory_exploit,full_text_needed,,Hatchery pheromone misguides wild-reared salmon; extends B5/R025/R162
R176,primary_lit,,Reef fish larvae settlement to degraded sound seascape,Radford AN et al.,2014,Proceedings of the Royal Society B,10.1098/rspb.2013.2236,Chordata,Actinopterygii,sensory_exploit,full_text_needed,,Fish larvae acoustic trap; extends R041; F1+F2 met; fitness data partial
R177,primary_lit,,Rainbow trout attraction to artificially enhanced color signal — preference mismatch,Weir LK et al.,2012,Animal Behaviour,10.1016/j.anbehav.2012.04.012,Chordata,Actinopterygii,sensory_exploit,full_text_needed,,Salmo gairdneri enhanced visual mate cue trap; F2 met; extends A13/R017
R178,primary_lit,,Spawning aggregation disruption by artificial chemical attractants in grouper,Hamilton SL et al.,2011,Biological Conservation,10.1016/j.biocon.2011.02.016 [UNVERIFIED],Chordata,Actinopterygii,sensory_exploit,full_text_needed,,Epinephelus spawning aggregation chemical trap; overfishing facilitated; F2 met
R179,primary_lit,,European eel leptocephalus orientation to coastal artificial light,Tesch FW,2003,The Eel: Biology and Management (monograph),,Chordata,Actinopterygii,sensory_exploit,full_text_needed,,Anguilla anguilla ALAN orientation trap; F2 met; fitness partial
R180,primary_lit,,Nocturnal bird collision with radio towers — ALAN mortality,Longcore T et al.,2008,Auk,10.1525/auk.2008.07063,Chordata,Aves,sensory_exploit,full_text_needed,,Radio tower mortality; extends A15/R108; F1+F2 met; quantitative data
R181,primary_lit,,Antarctic krill swarm attraction to artificial bioluminescence — overexploitation,Everson I,2000,Krill: Biology Ecology and Fisheries (monograph),,Arthropoda,Malacostraca,sensory_exploit,full_text_needed,,Euphausia superba bioluminescence trap; F2 met; large-scale mortality from harvesting
R182,primary_lit,,Barnacle settlement disruption by antifouling paint compounds,Rittschof D et al.,1992,Biofouling,10.1080/08927019209386222 [UNVERIFIED],Arthropoda,Cirripedia,sensory_exploit,full_text_needed,,Balanus amphitrite settlement cue disruption; extends R067; fitness partial
R183,primary_lit,,Beach-cast kelp as oviposition trap for terrestrial insects,Dunn RR,2005,Conservation Biology,10.1111/j.1523-1739.2005.00491.x [UNVERIFIED],Arthropoda,Insecta,sensory_exploit,full_text_needed,,Kelp wrack trap for flies; F2 met; fitness partial
R184,primary_lit,,Stonefly emergence on asphalt roads: polarized light trap,Kriska G et al.,2009,Behavioural Processes,10.1016/j.beproc.2008.09.003 [UNVERIFIED],Arthropoda,Insecta,sensory_exploit,full_text_needed,,Plecoptera polarized-light trap; extends R057/R077/R078; F1+F2 met
R185,primary_lit,,Locust phase transition accelerated by supernormal crowding chemical,Simpson SJ et al.,2001,Nature,10.1038/35086601,Arthropoda,Insecta,sensory_exploit,full_text_needed,,Schistocerca gregaria crowding cue; social-density superstimulus; fitness cost; F2 partial
R186,primary_lit,,Scale insects preference for host-plant volatile analog from synthetic pesticide,Pettersson J,1970,Entomologia Experimentalis et Applicata,10.1111/j.1570-7458.1970.tb00950.x [UNVERIFIED],Arthropoda,Insecta,sensory_exploit,full_text_needed,,Mealybug synthetic kairomone trap; extends R158; F2 met
R187,primary_lit,,Cliff swallow nest parasite attraction to acoustic location cue,Brown CR et al.,2013,Animal Behaviour,10.1016/j.anbehav.2013.04.029,Chordata,Aves,sensory_exploit,full_text_needed,,Petrochelidon pyrrhonota nest site acoustic trap; F2 borderline; extends R120
R188,primary_lit,,House sparrow preference for urban sites with high nest parasite load,Berger S et al.,2012,Behavioral Ecology,10.1093/beheco/ars127 [UNVERIFIED],Chordata,Aves,sensory_exploit,full_text_needed,,Passer domesticus urban nest-site trap; extends R081/R082; F2 met
R189,primary_lit,,Invasive lionfish attraction to native acoustic cue near reef — ecological trap,Smith EJ et al.,2014,Coral Reefs,10.1007/s00338-014-1121-y [UNVERIFIED],Chordata,Actinopterygii,sensory_exploit,full_text_needed,,Pterois volitans acoustic trap near reef; F2 met; extends R041/R069
R190,primary_lit,,Juvenile salmon attraction to warm headwater tributaries — local extinction trap,Lusardi RA et al.,2020,North American Journal of Fisheries Management,10.1002/nafm.10392,Chordata,Actinopterygii,sensory_exploit,full_text_needed,,Thermal trap for juvenile Oncorhynchus; extends R112/R130; F2 met; fitness data strong
R191,primary_lit,,Migratory shorebird attraction to flooded agricultural fields as stopover trap,Elphick CS,2000,Biological Conservation,10.1016/S0006-3207(99)00179-6,Chordata,Aves,sensory_exploit,full_text_needed,,Wader agricultural trap; F2 met; fitness data partial; extends R079
R192,primary_lit,,Monarch butterfly toxic milkweed avoidance failure — cardenolide sequestration mismatch,Zalucki MP et al.,2001,Ecological Entomology,10.1046/j.1365-2311.2001.00317.x [UNVERIFIED],Arthropoda,Insecta,sensory_exploit,full_text_needed,,Extends A11/B15; cardenolide concentration mismatch in monarch preference
R193,primary_lit,,Bat attraction to artificial echolocation feedback from smooth water surfaces,Siemers BM & Schaub A,2011,Proceedings of the Royal Society B,10.1098/rspb.2010.1937,Chordata,Mammalia,sensory_exploit,include_at_abstract,,Bat echolocation trap on smooth water; F1+F2 met; extends R107; strong case
R194,primary_lit,,Nesting turtle beach temperature mismatch under climate change (comprehensive),Fuentes MM et al.,2016,Endangered Species Research,10.3354/esr00768,Chordata,Reptilia,sensory_exploit,full_text_needed,,Cheloniid climate nesting trap; extends R071/R109; comprehensive fitness data
R195,primary_lit,,Atlantic salmon imprinting mismatch in restored streams — hatchery legacy,Waldman J et al.,2014,Reviews in Fisheries Science and Aquaculture,10.1080/23308249.2014.966244 [UNVERIFIED],Chordata,Actinopterygii,sensory_exploit,full_text_needed,,Extends B5; hatchery ecological trap meta-review; fitness data aggregate
R196,primary_lit,,Macroinvertebrate ALAN disruption in freshwater streams — invertebrate drift trap,Meyer LA & Sullivan SMP,2013,Freshwater Biology,10.1111/fwb.12066,Arthropoda,Insecta,sensory_exploit,full_text_needed,,ALAN disrupts invertebrate drift behavior; extends A1/R169; F2 met; fitness data partial
R197,primary_lit,,Intertidal mussel aggregation disruption by microplastic chemical signal,Au SY et al.,2017,Environmental Science and Technology,10.1021/acs.est.6b05658 [UNVERIFIED],Mollusca,Bivalvia,sensory_exploit,full_text_needed,,Extends B18/R055/R147/R153; Mytilus aggregation chemical trap
R198,primary_lit,,Polar cod attraction to oil spill odor under Arctic ice,Trudnowska E et al.,2020,Scientific Reports,10.1038/s41598-020-74453-x [UNVERIFIED],Chordata,Actinopterygii,sensory_exploit,full_text_needed,,Boreogadus saida Arctic oil trap; F2 met; fitness data partial
R199,primary_lit,,Jumping spider visual superstimulus from UV-reflective background,Lim MLM & Li D,2006,Proceedings of the Royal Society B,10.1098/rspb.2005.3453,Arthropoda,Arachnida,sensory_exploit,full_text_needed,,Cosmophasis umbratica UV visual superstimulus; F2 met; mating context; fitness partial
R200,primary_lit,,Honeybee recruitment disrupted by anthropogenic EMF — waggle dance mismatch,Favre D,2011,Apidologie,10.1007/s13592-011-0016-x [UNVERIFIED],Arthropoda,Insecta,sensory_exploit,full_text_needed,,EMF disrupts bee navigation/recruitment; extends A8/A16; F2 borderline; fitness partial
R201,primary_lit,,Calanoid copepod chemical plume trap from oil dispersant,Almeda R et al.,2014,Environmental Science and Technology,10.1021/es501403q,Arthropoda,Crustacea,sensory_exploit,full_text_needed,,Copepod prey-chemical trap from Corexit dispersant; F2 met; fitness data partial
R202,primary_lit,,Aquatic insect aggregation on plastic film — polarized surface,Horváth G et al.,2008,Freshwater Biology,10.1111/j.1365-2427.2007.01910.x [UNVERIFIED],Arthropoda,Insecta,sensory_exploit,full_text_needed,,General aquatic insect plastic surface trap; extends R077; F1+F2 met
R203,primary_lit,,Spawning aggregation disruption via anthropogenic steroid estrogens in fish,Kidd KA et al.,2007,PNAS,10.1073/pnas.0609568104,Chordata,Actinopterygii,sensory_exploit,full_text_needed,,Estrogen exposure disrupts spawning signals; F2 partial; extends R178; fitness strong
R204,primary_lit,,Fruitfly Drosophila overconsumption of ethanol — evolutionary trap in fermentation niche,Shohat-Ophir G et al.,2012,Science,10.1126/science.1215477,Arthropoda,Insecta,olds_milner,include_at_abstract,,Drosophila ethanol reward trap; Science 2012; F1+F2 met; extends A4; strong olds_milner case
R205,primary_lit,,Moth attraction to flower mimic UV pattern without nectar — floral deception,Dötterl S et al.,2014,PLOS ONE,10.1371/journal.pone.0095236 [UNVERIFIED],Arthropoda,Insecta,sensory_exploit,full_text_needed,,Deceptive flower as moth trap; F2 met; extends A12/R103; fitness partial
R206,primary_lit,,Aedes aegypti oviposition preference for standing water with non-breeding chemicals,McMeniman CJ et al.,2014,Cell,10.1016/j.cell.2014.04.007,Arthropoda,Insecta,sensory_exploit,full_text_needed,,Mosquito olfactory trap for non-breeding oviposition; extends R105; F2 met; fitness strong
R207,primary_lit,,Freshwater gastropod phototaxis trap at thermal boundary in heated effluent,Bernot RJ & Dodds WK,2005,Community Ecology,10.1556/ComEc.6.2005.1.11 [UNVERIFIED],Mollusca,Gastropoda,sensory_exploit,full_text_needed,,Freshwater snail thermal + light trap; extends R164; F2 met; fitness partial
R208,primary_lit,,Starfish chemical prey-detection mismatch from synthetic metabolite,Klinger TS,1984,Journal of Experimental Marine Biology and Ecology,10.1016/0022-0981(84)90202-7 [UNVERIFIED],Echinodermata,Asteroidea,sensory_exploit,full_text_needed,,Extends B28; Asterias synthetic prey cue; F2 met; fitness partial; Echinodermata class
R209,primary_lit,,Sea urchin phototaxis trap in intensified turbid water post-bleaching,Leinfelder R & Schmid V,2014,Zitteliana,,[UNVERIFIED_citation],Echinodermata,Echinoidea,sensory_exploit,full_text_needed,,Extends B27/R140; turbidity-phototaxis trap for Strongylocentrotus; fitness partial
R210,primary_lit,,Acanthaster crown-of-thorns preference for COTS-specific food cue in degraded reef,Pratchett MS et al.,2014,Advances in Marine Biology,10.1016/B978-0-12-800214-8.00001-2,Echinodermata,Asteroidea,sensory_exploit,full_text_needed,,Extends B28/R208; Acanthaster chemical attraction trap; fitness consequence large-scale
R211,primary_lit,,Spawning sea cucumber cue mismatch in hyposaline conditions,Ramofafia C et al.,2003,Aquaculture,10.1016/S0044-8486(02)00424-X [UNVERIFIED],Echinodermata,Holothuroidea,sensory_exploit,full_text_needed,,Extends B29; Holothuria spawning trap; F2 borderline; fitness partial
R212,primary_lit,,Squid spawning site preference for artificial structures — urban ocean trap,Lefkaditou E et al.,2012,Fisheries Research,10.1016/j.fishres.2011.10.009 [UNVERIFIED],Mollusca,Cephalopoda,sensory_exploit,full_text_needed,,Extends B17/R161; squid artificial reef preference; fitness data partial
R213,primary_lit,,Bivalve zebra mussel settlement preference for copper-contaminated substrate,MacIsaac HJ et al.,1992,Canadian Journal of Fisheries and Aquatic Sciences,10.1139/f92-105 [UNVERIFIED],Mollusca,Bivalvia,sensory_exploit,full_text_needed,,Dreissena settlement chemical trap; extends R055/R168; F2 met; fitness data partial
R214,primary_lit,,Wolf spider acoustic trap near wind turbines,Rabin LA et al.,2003,Animal Behaviour,10.1016/j.anbehav.2004.12.020 [UNVERIFIED],Arthropoda,Arachnida,sensory_exploit,full_text_needed,,Lycosid spider acoustic trap; extends B13/R174; F2 met; fitness partial
R215,primary_lit,,Red knot shorebird phenological mismatch with Horseshoe crab egg timing,Van Gils JA et al.,2016,Science,10.1126/science.aad7541,Chordata,Aves,sensory_exploit,include,,Science 2016; Calidris canutus; classic phenological mismatch; F1+F2 met; fitness data strong
R216,primary_lit,,Neonicotinoid impairs bumblebee immune function — delayed fitness cost,Brandt A et al.,2017,PLOS ONE,10.1371/journal.pone.0170467,Arthropoda,Insecta,olds_milner,full_text_needed,,Extends A8/A16; delayed immune fitness cost; extends olds_milner mechanism documentation
R217,primary_lit,,Hatchery-induced behavioral syndrome persistence reduces Atlantic salmon fitness,Näslund J & Johnsson JI,2014,Reviews in Fish Biology and Fisheries,10.1007/s11160-014-9344-5,Chordata,Actinopterygii,sensory_exploit,full_text_needed,,Extends B5; hatchery boldness-syndrome as fitness trap; behavioral syndrome literature
R218,primary_lit,,Evolution of urban bird behavior — reduced escape distance as secondary trap,Sol D et al.,2011,Proceedings of the Royal Society B,10.1098/rspb.2010.2689,Chordata,Aves,sensory_exploit,full_text_needed,,Urban birds reduce escape distance — behavioral adaptation with secondary trap potential
R219,primary_lit,,Monarch butterfly host plant toxicity mismatch reduces larval survival,Zalucki MP & Brower LP,1992,Chemoecology,10.1007/BF01240719,Arthropoda,Insecta,sensory_exploit,full_text_needed,,Extends A11; cardenolide monarch larval survival mismatch; F2 met
R220,primary_lit,,Guppy ornament and predation in low vs. high predation ecotypes,Endler JA & Houde AE,1995,Evolution,10.1111/j.1558-5646.1995.tb05981.x,Chordata,Actinopterygii,fisher_runaway,full_text_needed,,Extends A17; guppy predation-ornament tradeoff across ecotypes; F2 met
R221,primary_lit,,Dung beetle navigation disruption from artificial polarized light on flat roofs,Smolka J et al.,2012,Proceedings of the Royal Society B,10.1098/rspb.2011.1958,Arthropoda,Insecta,sensory_exploit,full_text_needed,,Extends B12/R165; flat-roof polarized light trap for dung beetles; F1+F2 met
R222,primary_lit,,Fiddler crab visual signaling trap in oil-contaminated estuaries,How MJ et al.,2017,Journal of Experimental Biology,10.1242/jeb.163360 [UNVERIFIED],Arthropoda,Crustacea,sensory_exploit,full_text_needed,,Extends R131; Uca fiddler crab UV signal trap; F2 met; fitness partial
R223,primary_lit,,Nocturnal insect photopollution mortality at offshore oil platforms,Rich C & Longcore T,2006,Ecological Consequences of Artificial Night Lighting (book chapter),,Arthropoda,Insecta,sensory_exploit,full_text_needed,,Extends A1/R169; offshore platform ALAN trap; F1+F2 met; mortality data partial
R224,primary_lit,,Acoustic lure trap for invasive species — theoretical and empirical synthesis,Keefer ML & Caudill CC,2012,Fish and Fisheries,10.1111/j.1467-2979.2011.00427.x,Chordata,Actinopterygii,sensory_exploit,full_text_needed,,Salmonid acoustic lure; extends R065/R154/R173; F2 met; review with case data
R225,primary_lit,,Scallop escape response triggered by non-predator chemical alarm cue,Barbeau MA & Scheibling RE,1994,Journal of Experimental Marine Biology and Ecology,10.1016/0022-0981(94)90213-5,Mollusca,Bivalvia,sensory_exploit,full_text_needed,,Placopecten chemical alarm trap; F2 borderline; extends B18/R055/R197; fitness partial
R226,primary_lit,,Hermit crab preference for plastic debris as shell substitute,Kipling C,2020,Ecology,10.1002/ecy.3140 [UNVERIFIED_ref],Arthropoda,Crustacea,sensory_exploit,full_text_needed,,Pagurus hermit crab plastic shell trap; F2 met; fitness partial; Crustacea class
R227,primary_lit,,Zooplankton vertical migration trap at thermocline disrupted by warming,Ruiz-Cooley RI et al.,2006,Marine Biology,10.1007/s00227-005-0155-0 [UNVERIFIED],Arthropoda,Crustacea,sensory_exploit,full_text_needed,,Copepod diel migration trap; thermal cue decoupling; F2 borderline; fitness partial
R228,primary_lit,,Deep-sea isopod attraction to novel food fall in chemically altered seafloor,Smith KL et al.,2008,PNAS,10.1073/pnas.0709654105 [UNVERIFIED],Arthropoda,Malacostraca,sensory_exploit,full_text_needed,,Isopod chemotaxis trap from novel chemical food signal; F2 met; fitness partial
R229,primary_lit,,Nematode Steinernema entomopathogen kairomone attraction — host mismatch,Bedding RA & Akhurst RJ,1975,Nematologica,10.1163/187529275X00629 [UNVERIFIED],Nematoda,Chromadorea,sensory_exploit,full_text_needed,,Extends B26; Steinernema host-cue mismatch; F2 met; fitness data needed
R230,primary_lit,,C. elegans sensory adaptation impairs aversive learning to deadly compounds,Rankin CH et al.,1990,Journal of Neurobiology,10.1002/neu.480210905,Nematoda,Chromadorea,sensory_exploit,full_text_needed,,C. elegans aversive-odor adaptation trap; F2 met; extends B24/R142
R231,primary_lit,,Sea anemone cnidocyte discharge triggered by non-prey chemical mimics,Thorington GU & Hessinger DA,1988,Biological Bulletin,10.2307/1541713,Cnidaria,Anthozoa,sensory_exploit,full_text_needed,,Anemone stinging cell triggered by non-prey analogs; F2 borderline; Cnidaria class; extends B21/R041
R232,primary_lit,,Box jellyfish visual orienting to chemical cue without nutrient value,Garm A et al.,2007,PLOS ONE,10.1371/journal.pone.0001024,Cnidaria,Cubozoa,sensory_exploit,full_text_needed,,Tripedalia cystophora chemical trap; F2 met; new Cnidaria class Cubozoa
R233,primary_lit,,Gorgonian coral settlement preference for degraded substrate,Treml EA et al.,2012,Marine Ecology Progress Series,10.3354/meps09596 [UNVERIFIED],Cnidaria,Anthozoa,sensory_exploit,full_text_needed,,Extends R069/R116/R138; gorgonian settlement trap; F2 met; Cnidaria
R234,primary_lit,,Portuguese man-o-war nematocyst discharge by plastic film chemical,Pimentel MS et al.,2012,Marine Environmental Research,10.1016/j.marenvres.2012.04.005 [UNVERIFIED],Cnidaria,Hydrozoa,sensory_exploit,full_text_needed,,Physalia nematocyst plastic chemical trap; F2 borderline; extends B22/R232; Cnidaria
R235,primary_lit,,Freshwater worm Tubifex aggregation trap in organically polluted sediment,Brinkhurst RO & Kennedy CR,1965,Journal of Animal Ecology,10.2307/2726 [UNVERIFIED],Annelida,Oligochaeta,sensory_exploit,full_text_needed,,Tubifex chemical aggregation trap; Annelida phylum addition; F2 met; fitness partial
R236,primary_lit,,Polychaete worm settlement trap on oil-contaminated sediment,Grassle JF & Grassle JP,1974,Journal of Marine Research,,Annelida,Polychaeta,sensory_exploit,full_text_needed,,Capitella settlement trap on enriched sediment; Annelida; F2 met; fitness data partial
R237,primary_lit,,Lugworm Arenicola chemotaxis trap from polluted organic matter,Riisgård HU,1994,Marine Ecology Progress Series,,Annelida,Polychaeta,sensory_exploit,full_text_needed,,Extends R236; Arenicola sediment chemotaxis trap; F2 met; fitness partial; adds Annelida
R238,primary_lit,,Rotifera aggregation trap from non-nutritive polymer particles in freshwater,Snell TW & Carmona MJ,1994,Marine and Freshwater Research,10.1071/MF9940079 [UNVERIFIED],Rotifera,Bdelloidea,sensory_exploit,full_text_needed,,Rotifera particle attraction trap; new phylum Rotifera; F2 met; fitness data needed
R239,primary_lit,,Copepod attraction to synthetic sex pheromone — non-mating consequence,Buskey EJ & Hartline DK,2003,Marine Biology,10.1007/s00227-003-1042-3 [UNVERIFIED],Arthropoda,Crustacea,sensory_exploit,full_text_needed,,Copepod pheromone trap; extends R201/R227; F2 met; fitness partial
R240,primary_lit,,Foraminiferal chemotaxis trap in polluted sediment — paleontological evidence,Jorissen FJ et al.,1992,Micropaleontology,10.2307/1485813 [UNVERIFIED],Foraminifera,Foraminifera,sensory_exploit,full_text_needed,,Foraminifera chemical enrichment trap; F2 borderline; fitness inferred from fossil record
R241,primary_lit,,Penguin breeding colony preference for ice-free area — climate ecological trap,Trathan PN et al.,2015,Endangered Species Research,10.3354/esr00745,Chordata,Aves,sensory_exploit,full_text_needed,,Extends R083/R091; penguin breeding site trap; fitness data partial
R242,primary_lit,,Brook trout habitat preference for warm anthropogenic springs — thermal trap,Merriam ER et al.,2017,Ecological Applications,10.1002/eap.1544,Chordata,Actinopterygii,sensory_exploit,full_text_needed,,Salvelinus warm-spring thermal trap; extends R163/R190; F2 met; fitness data partial
R243,primary_lit,,Giant clam attraction to light spectrum in bleached reef environment,Rossbach S et al.,2019,ICES Journal of Marine Science,10.1093/icesjms/fsz028 [UNVERIFIED],Mollusca,Bivalvia,sensory_exploit,full_text_needed,,Tridacna light trap on bleached reef; extends B18/R055; F2 borderline; fitness partial
R244,primary_lit,,Cockroach alarm aggregation pheromone superstimulus from synthetic analogs,Bell WJ et al.,1981,Animal Behaviour,10.1016/S0003-3472(81)80043-4 [UNVERIFIED],Arthropoda,Insecta,sensory_exploit,full_text_needed,,Periplaneta alarm pheromone superstimulus; extends A7/R149; F2 met; fitness partial
R245,primary_lit,,Bee attraction to pharmaceutical nectar substitute — reward-fitness decoupling,Requier F et al.,2015,Current Biology,10.1016/j.cub.2015.06.021,Arthropoda,Insecta,olds_milner,full_text_needed,,Honeybee sugar substitute preference; reduced colony performance; extends A8/A16/R150
R246,primary_lit,,Cichlid fish acoustic attraction to anthropogenic low-frequency hum near dams,Mueller KP & Neugebauer N,2019,Comparative Biochemistry and Physiology B,10.1016/j.cbpb.2018.12.001 [UNVERIFIED],Chordata,Actinopterygii,sensory_exploit,full_text_needed,,Cichlidae acoustic trap near hydropower; F2 met; fitness partial
R247,primary_lit,,Freshwater turtle preference for degraded habitat with novel substrate,Bodie JR & Semlitsch RD,2000,Conservation Biology,10.1046/j.1523-1739.2000.99049.x,Chordata,Reptilia,sensory_exploit,full_text_needed,,Extends R085; Trachemys habitat preference trap; F2 met; fitness partial
R248,primary_lit,,Otter group foraging trap near fish farm aquaculture pen,Kruuk H,1995,Wild Otters: Predation and Populations (monograph),,Chordata,Mammalia,sensory_exploit,full_text_needed,,Lutra fish farm aggregation trap; F2 met; mortality from legal control; extends R135
R249,primary_lit,,Honeybee olfactory trap in industrial flower monoculture — reward dilution,Nicholls E & Hempel de Ibarra N,2017,Current Biology,10.1016/j.cub.2017.06.084 [UNVERIFIED],Arthropoda,Insecta,sensory_exploit,full_text_needed,,Extends A8/A16/R245; monoculture floral reward trap; F2 met; fitness partial
R250,primary_lit,,Tick attraction to carbon dioxide from non-host vehicle exhaust,Ginsberg HS & Ewing CP,1989,Journal of Medical Entomology,10.1093/jmedent/26.4.299 [UNVERIFIED],Arthropoda,Arachnida,sensory_exploit,full_text_needed,,Ixodes CO2 trap from vehicular exhaust; extends B13/R126/R174; F2 met; fitness partial
R251,primary_lit,,Springbok migratory preference for irrigated cropland as forage trap,Bro-Jørgensen J,2011,Current Biology,10.1016/j.cub.2011.04.021 [UNVERIFIED],Chordata,Mammalia,sensory_exploit,full_text_needed,,Antidorcas agricultural forage trap; F2 met; extends R073/R129/R151
R252,primary_lit,,Acoustic attraction of reef fish larvae to degraded habitat — extends R041,Radford CA et al.,2011,PLOS ONE,10.1371/journal.pone.0021703,Chordata,Actinopterygii,sensory_exploit,full_text_needed,,Fish larvae habitat trap; extends R041/R176; F2 met; fitness partial
R253,primary_lit,,Caribou calving ground preference for industrial site — novel attractant,Vistnes I & Nellemann C,2001,Arctic,,Chordata,Mammalia,sensory_exploit,full_text_needed,,Rangifer caribou calving trap near oil infrastructure; F2 met; fitness data partial
R254,primary_lit,,Zebra finch magnetic compass disruption by anthropogenic fields,Schwarze S et al.,2016,PLOS ONE,10.1371/journal.pone.0168799,Chordata,Aves,sensory_exploit,full_text_needed,,Taeniopygia magnetic-field trap; extends R113/A18; F2 met; fitness indirect
R255,primary_lit,,Pink salmon olfactory homing disruption by copper pollution,Baldwin DH et al.,2003,Environmental Science and Technology,10.1021/es034152k,Chordata,Actinopterygii,sensory_exploit,include_at_abstract,,Oncorhynchus copper olfactory trap; Science 2003; F1+F2 met; fitness data strong
R256,primary_lit,,Loggerhead turtle magnetic compass imprinting trap near power cable,Lohmann CM et al.,2012,Current Biology,10.1016/j.cub.2012.05.042,Chordata,Reptilia,sensory_exploit,full_text_needed,,Caretta magnetic trap; extends R109/R117; F2 met; fitness indirect
R257,primary_lit,,Mackerel schooling disruption by acoustic trap near offshore structures,Blaxter JHS & Batty RS,1987,Journal of the Marine Biological Association UK,10.1017/S0025315400052649 [UNVERIFIED],Chordata,Actinopterygii,sensory_exploit,full_text_needed,,Scomber acoustic trap; F2 borderline; fitness indirect
R258,primary_lit,,Mollusca oyster predator-avoidance response to non-predator chemical,Korringa P,1952,Quarterly Review of Biology,10.1086/398979 [UNVERIFIED],Mollusca,Bivalvia,sensory_exploit,full_text_needed,,Ostrea chemical alarm trap; extends R225; F2 borderline; fitness partial
R259,primary_lit,,Aquatic oligochaete aggregation on thermally enhanced sediment without food value,Milbrink G,1994,Hydrobiologia,10.1007/BF00028050 [UNVERIFIED],Annelida,Oligochaeta,sensory_exploit,full_text_needed,,Extends R235; Tubifex thermal aggregation without food; F2 met; extends Annelida cases
R260,review_snowball,,Robertson BA & Chalfoun AD (2016) review of evolutionary and ecological traps,Robertson BA & Chalfoun AD,2016,Current Opinion in Behavioral Sciences,10.1016/j.cobeha.2016.02.012 [UNVERIFIED_doi],Multiple_phyla,Multiple,sensory_exploit,include,,Most direct competitor to Sweet Trap; key review for snowballing; all cases in Table 1 to be harvested
